<?xml version="1.0" encoding="utf-8"?>
<layer-list xmlns:android="http://schemas.android.com/apk/res/android">
    <item android:left="3dp">
        <shape android:shape="rectangle">
            <stroke
                android:width="1dp"
                android:color="#ffffffff" />
            <corners android:radius="1dp" />
        </shape>
    </item>
    <item
        android:width="3dp"
        android:height="4dp"
        android:gravity="left|center_vertical"
        android:left="1dp">
        <shape android:shape="rectangle">
            <solid android:color="#ffffff" />
            <corners android:radius="1dp" />
        </shape>
    </item>
</layer-list>
