<?xml version="1.0" encoding="utf-8"?>
<layer-list xmlns:android="http://schemas.android.com/apk/res/android">
    <item android:id="@android:id/background">
        <shape>
            <solid android:color="#7dffffff" />
            <size android:height="1dp" />
            <corners android:radius="1dp" />
        </shape>
    </item>
    <item android:id="@android:id/secondaryProgress">
        <clip>
            <shape>
                <solid android:color="#ffffffff" />
                <size android:height="1dp" />
                <corners android:radius="1dp" />
            </shape>
        </clip>
    </item>
    <item android:id="@android:id/progress">
        <clip>
            <shape>
                <solid android:color="@color/module_mediaplayer_color_d03e49" />
                <size android:height="1dp" />
                <corners android:radius="1dp" />
            </shape>
        </clip>
    </item>
</layer-list>