<?xml version="1.0" encoding="utf-8"?>
<layer-list xmlns:android="http://schemas.android.com/apk/res/android">
    <item>
        <shape android:shape="oval">
            <solid android:color="@color/module_mediaplayer_color_96d03e49" />
            <size
                android:width="4dp"
                android:height="4dp" />
        </shape>
    </item>
    <item
        android:bottom="1dp"
        android:left="1dp"
        android:right="1dp"
        android:top="1dp">
        <shape android:shape="oval">
            <solid android:color="@color/module_mediaplayer_color_d03e49" />
            <size
                android:width="3dp"
                android:height="3dp" />
        </shape>
    </item>
</layer-list>
